script,fa_source_sha256
apply_two_hundred_eighty_ninth_pass_repairs.py,c8607f543d1c0549058a32fba45afcf18595a477148ebe6a45387d8ad8d33b04
apply_two_hundred_ninetieth_pass_repairs.py,c8607f543d1c0549058a32fba45afcf18595a477148ebe6a45387d8ad8d33b04
apply_two_hundred_ninety_first_pass_repairs.py,c1804d73af7b4ac2149a8591337cbc32474c10614a71c8bf575e1f6b884871a3
apply_two_hundred_ninety_second_pass_repairs.py,c1804d73af7b4ac2149a8591337cbc32474c10614a71c8bf575e1f6b884871a3
apply_two_hundred_ninety_third_pass_repairs.py,4e13e8004b9e17fe91f25d12721cba38143b45d72cb683d81697cf6abc8a92bd
apply_two_hundred_ninety_fourth_pass_repairs.py,be2af756ed05ab951313b6daccf5b15868a6dfe4bfc16f596a1161fba8ae165e
apply_two_hundred_ninety_fifth_pass_repairs.py,428a0d89657374fe5d393d2d2c334e72f12913dc2874e56d3360ca38787d51a3
apply_two_hundred_ninety_seventh_pass_repairs.py,428a0d89657374fe5d393d2d2c334e72f12913dc2874e56d3360ca38787d51a3
apply_two_hundred_ninety_eighth_pass_repairs.py,b3c5ad517e2ea4bbf1ee8487e5f084fb9de1b388e2518e568e3544366d2a2b2e
apply_two_hundred_ninety_ninth_pass_repairs.py,7048e0cd364ff150a79b4696b08db0c3a29aa29dc252d623650818f59f6162ca
apply_three_hundredth_pass_repairs.py,7048e0cd364ff150a79b4696b08db0c3a29aa29dc252d623650818f59f6162ca
apply_three_hundred_ninth_pass_repairs.py,7048e0cd364ff150a79b4696b08db0c3a29aa29dc252d623650818f59f6162ca
apply_three_hundred_tenth_pass_repairs.py,7048e0cd364ff150a79b4696b08db0c3a29aa29dc252d623650818f59f6162ca
apply_three_hundred_eleventh_pass_repairs.py,7048e0cd364ff150a79b4696b08db0c3a29aa29dc252d623650818f59f6162ca
apply_three_hundred_twelfth_pass_repairs.py,7048e0cd364ff150a79b4696b08db0c3a29aa29dc252d623650818f59f6162ca
apply_three_hundred_thirteenth_pass_repairs.py,29fcfd782a0ec55f050055130ba4da4d79d74b670227897307008eaf7307a65f
apply_three_hundred_fourteenth_pass_repairs.py,1bc896947a27b455b7aa09c4746d522e5d755fa1082d7fe07b6599e7da0bff2f
apply_three_hundred_fifteenth_pass_repairs.py,36258b062cf8caef1f07cb28111cf0d6293897515b0cc49565f177eb2195de69
fa316_driver.py,ac23d9918a1daf9b534345ec4ef7eb382d081514c52bfb0dceda92d6e3633ade
apply_three_hundred_seventeenth_pass_functional_analysis_repairs.py,bdcafba53aabd845cb860e0e3bd59b43a547da9f7d50810dcd3b4ad91819201b
apply_three_hundred_eighteenth_pass_functional_analysis_repairs.py,a61e8c20bdc28395d6b71857ec714780e36e8d98233480226e0442098ae3a438
apply_three_hundred_nineteenth_pass_functional_analysis_repairs.py,171588d37133a6494727645474dadad3f80828bdcf8a1ce5b8fd72b77d4d3c0a
apply_three_hundred_twentieth_pass_functional_analysis_repairs.py,48fe6bd80915c155b6a38266c7a30f3818ad4b335fb9b77cc07175c8cad1dcd9
apply_three_hundred_twenty_first_pass_functional_analysis_repairs.py,d184ee500fb6d514db79e50d4ed581cba0123660e0f8288d6f479e6f1c63d51f
apply_three_hundred_twenty_second_pass_functional_analysis_repairs.py,5f7052b75353817e55e4fab35cc5f6578a9449737476a3dd05621999eaa67eed
apply_three_hundred_twenty_third_pass_functional_analysis_repairs.py,41a542e802bbb2b05e56f81ae5b94c045cde75b14b140b679cc4ed70e156b960
apply_three_hundred_twenty_fourth_pass_functional_analysis_repairs.py,cbe40f444a0fd843f89f87608b5f962cad774375d5daadf124b62ab155165350
apply_three_hundred_twenty_fifth_pass_functional_analysis_repairs.py,6c557bc718c2a9259fd9df442b792bb94a031dc54b61876eb7c8900676daaaa8
apply_three_hundred_twenty_sixth_pass_functional_analysis_repairs.py,14350571cc83f03849f21d4f12ba09a97e3e8897a35bca8dd3e59103d9799468
apply_three_hundred_twenty_seventh_pass_functional_analysis_repairs.py,3f79d5931a58750a0800351da6a0d44939d448fc61cab56a6cf0fb4195be0f37
apply_three_hundred_twenty_eighth_pass_functional_analysis_repairs.py,f39bad641a544d23c59871b91d3e3eb677cf8fca25e0bf49c10d28d48503b576
apply_three_hundred_twenty_ninth_pass_functional_analysis_repairs.py,d38f2f58649a4acda650c92d4a36a6df063b86dbe144ce958dc1c1a096168189
apply_three_hundred_thirtieth_pass_functional_analysis_repairs.py,706546d7c3329c1982fa223b3262ea5953180a92d1e40ea9c17c98c6da1ac6e0
apply_three_hundred_thirty_first_pass_functional_analysis_repairs.py,674037f3e75131b8b64d583fc2d8210f264ddc814324ee84ea276166ccaeddf5
apply_three_hundred_thirty_second_pass_functional_analysis_repairs.py,b6bbe2d8a656573150b4dbaf8ecbe8f640b10e13cccd834dacc8b0404223e6bf
apply_three_hundred_thirty_third_pass_functional_analysis_repairs.py,8c0b0797155d3ae4f8f05b2d38d36552a629c900b8e990aba1ff44b666b72e45
apply_three_hundred_thirty_fourth_pass_functional_analysis_repairs.py,7a179ce46bcb210dbd8cbf30a19aeb7da65ffed24709a8844bf4a244a8e65de5
apply_three_hundred_thirty_fifth_pass_functional_analysis_repairs.py,f79ef8961deeda98a6b21dd731061d0f6124729a7562240c7eacbc13dea44f4c
apply_three_hundred_thirty_sixth_pass_functional_analysis_repairs.py,204acd949c17f55013487819b215886ae5c1c5fb4d125d4683871f8fb94847ad
apply_three_hundred_thirty_seventh_pass_functional_analysis_repairs.py,6e772d414fc0fb9b3ec532039a22a00f0d28e2884136bb0d841494d7bde3f2b1
apply_three_hundred_thirty_eighth_pass_functional_analysis_repairs.py,1d150bcb8bd909e1bde7ce3577cf754386efcd7be2902d68a7c78b72b28d6b39
apply_three_hundred_thirty_ninth_pass_functional_analysis_repairs.py,57f084029aff8e8a4b95d13e0daa9890eaa036716da48b3a3352ac3023be1c25
apply_three_hundred_fortieth_pass_functional_analysis_repairs.py,48707b6952a1aad8e19fd47b5f3d4f74d4e0b0e66262ead87386512786083c3e
apply_three_hundred_forty_first_pass_functional_analysis_repairs.py,df78d684944e2963d4fce2169f281192836c101d2fe8b22669fd11c069539fa5
