"File","Line","Term","Category","Text"
"C:\Users\사용자\mathlib4\PrimalitySheafVerification\Spt1.lean","329","unsafe","POTENTIAL_ACTIVE_RISK","the unsafe automatic-subgroup-cyclicity inference that the review flagged."
"C:\Users\사용자\mathlib4\PrimalitySheafVerification\Spt1.lean","865","native_decide","NATIVE_DECIDE_CHECK_REQUIRED","example : Fintype.card {x : ZMod 9 // (12 : ZMod 9) * x = 0} = 3 := by native_decide"
"C:\Users\사용자\mathlib4\PrimalitySheafVerification\Spt1.lean","1281","Axiom","BLOCK_COMMENT_OR_HEADER","/-! ### Axiom audit (Part A) -/"
"C:\Users\사용자\mathlib4\PrimalitySheafVerification\Spt1.lean","2084","admit","ACTIVE_PLACEHOLDER_CHECK_REQUIRED","gates (which collapse to primality), the PARTIAL filters each admit a composite"
"C:\Users\사용자\mathlib4\PrimalitySheafVerification\Spt1.lean","3322","Axiom","BLOCK_COMMENT_OR_HEADER","/-! ## §8  Axiom audit (Part B) -/"
"C:\Users\사용자\mathlib4\PrimalitySheafVerification\Spt1.lean","3346","native_decide","NATIVE_DECIDE_CHECK_REQUIRED","without it the `native_decide` witnesses below failed to synthesize `Decidable`"
"C:\Users\사용자\mathlib4\PrimalitySheafVerification\Spt1.lean","3575","axiom","POTENTIAL_ACTIVE_RISK","complete, axiom-clean proof."
"C:\Users\사용자\mathlib4\PrimalitySheafVerification\Spt1.lean","3765","axiom","POTENTIAL_ACTIVE_RISK","explicit interface `PadicLogAPI`; no hidden axiom or certificate field claims"
"C:\Users\사용자\mathlib4\PrimalitySheafVerification\Spt1.lean","5271","axiom","POTENTIAL_ACTIVE_RISK","documented long-term interface `SpfPadicBaseChangeInterface` (no silent axiom). -/"
"C:\Users\사용자\mathlib4\PrimalitySheafVerification\Spt1.lean","7529","axiom","POTENTIAL_ACTIVE_RISK","as an explicit input instead of hiding it as a global axiom."
"C:\Users\사용자\mathlib4\PrimalitySheafVerification\Spt2.lean","21","sorry","ACTIVE_PLACEHOLDER_CHECK_REQUIRED","No `sorry` and no project-level `axiom`.  The geometric layers Mathlib cannot"
"C:\Users\사용자\mathlib4\PrimalitySheafVerification\Spt2.lean","70","sorry","ACTIVE_PLACEHOLDER_CHECK_REQUIRED","Spt2.lean — sorry-free, axiom-free verified core and full paper interface"
"C:\Users\사용자\mathlib4\PrimalitySheafVerification\Spt2.lean","75","sorry","ACTIVE_PLACEHOLDER_CHECK_REQUIRED","with NO `sorry` and NO project-level `axiom`.  The `AxiomAudit` section runs"
"C:\Users\사용자\mathlib4\PrimalitySheafVerification\Spt2.lean","77","sorryAx","ACTIVE_PLACEHOLDER_CHECK_REQUIRED","`[propext, Classical.choice, Quot.sound]` — never on `sorryAx`."
"C:\Users\사용자\mathlib4\PrimalitySheafVerification\Spt2.lean","110","axiom","POTENTIAL_ACTIVE_RISK","scheme cotangent complex).  Rather than hide them as global `axiom`s, §6 below"
"C:\Users\사용자\mathlib4\PrimalitySheafVerification\Spt2.lean","116","sorry","ACTIVE_PLACEHOLDER_CHECK_REQUIRED","corollaries, and theorems from that data with no `sorry` and no project axiom."
"C:\Users\사용자\mathlib4\PrimalitySheafVerification\Spt2.lean","636","axiom","POTENTIAL_ACTIVE_RISK","CANNOT be constructed here.  Instead of hiding them as global `axiom`s, we take"
"C:\Users\사용자\mathlib4\PrimalitySheafVerification\Spt2.lean","639","axiom","ACTIVE_PLACEHOLDER_CHECK_REQUIRED","`#print axioms` shows NO `sorryAx` and NO new global axiom: every assumption is"
"C:\Users\사용자\mathlib4\PrimalitySheafVerification\Spt2.lean","717","sorry","ACTIVE_PLACEHOLDER_CHECK_REQUIRED","theorem (no `sorry`, no new axiom, not conditional). -/"
"C:\Users\사용자\mathlib4\PrimalitySheafVerification\Spt2.lean","2244","axiom","POTENTIAL_ACTIVE_RISK","conormal coordinate calculation.  No scheme-level axiom is hidden here: once the"
"C:\Users\사용자\mathlib4\PrimalitySheafVerification\Spt2.lean","2379","axiom","POTENTIAL_ACTIVE_RISK","paper is then a theorem with a closed Lean proof.  There is no `axiom` and no"
"C:\Users\사용자\mathlib4\PrimalitySheafVerification\Spt2.lean","2380","sorry","ACTIVE_PLACEHOLDER_CHECK_REQUIRED","`sorry`; the mathematical hypotheses are visible as structure fields rather than"
"C:\Users\사용자\mathlib4\PrimalitySheafVerification\Spt2.lean","2735","Axiom","BLOCK_COMMENT_OR_HEADER","/-! ## Axiom audit — evidence of `sorryAx`-freeness. -/"
"C:\Users\사용자\mathlib4\PrimalitySheafVerification\Spt2.lean","3256","axiom","POTENTIAL_ACTIVE_RISK","without adding a new project axiom. -/"
"C:\Users\사용자\mathlib4\PrimalitySheafVerification\Spt2.lean","3612","Axiom","BLOCK_COMMENT_OR_HEADER","/-! ### Axiom audit for the theorem-level resultant/discriminant replacement. -/"
"C:\Users\사용자\mathlib4\PrimalitySheafVerification\Spt2.lean","3823","axiom","POTENTIAL_ACTIVE_RISK","the final equivalence is proved from those fields with no `axiom` and no"
"C:\Users\사용자\mathlib4\PrimalitySheafVerification\Spt2.lean","3824","sorry","ACTIVE_PLACEHOLDER_CHECK_REQUIRED","`sorry`."
"C:\Users\사용자\mathlib4\PrimalitySheafVerification\Spt2.lean","4756","Axiom","BLOCK_COMMENT_OR_HEADER","/-! ## K. Axiom audit targets -/"
"C:\Users\사용자\mathlib4\PrimalitySheafVerification\Spt2.lean","4792","sorry","ACTIVE_PLACEHOLDER_CHECK_REQUIRED","No `sorry`, no project `axiom`."
"C:\Users\사용자\mathlib4\PrimalitySheafVerification\Spt2.lean","5329","Axiom","BLOCK_COMMENT_OR_HEADER","/-! ## Axiom audit for the genuine completion layer. -/"
"C:\Users\사용자\mathlib4\PrimalitySheafVerification\Spt2.lean","5454","Axiom","BLOCK_COMMENT_OR_HEADER","/-! ### Axiom audit for the native principal-open layer. -/"
"C:\Users\사용자\mathlib4\PrimalitySheafVerification\Spt2.lean","5485","sorry","ACTIVE_PLACEHOLDER_CHECK_REQUIRED","No `sorry`, no project `axiom`."
"C:\Users\사용자\mathlib4\PrimalitySheafVerification\Spt2.lean","5906","axiom","POTENTIAL_ACTIVE_RISK","so this is a local certificate, not a global axiom. -/"
"C:\Users\사용자\mathlib4\PrimalitySheafVerification\Spt2.lean","5965","axiom","POTENTIAL_ACTIVE_RISK","turn the length computation into a theorem without postulating a global axiom. -/"
"C:\Users\사용자\mathlib4\PrimalitySheafVerification\Spt2.lean","6822","Axiom","BLOCK_COMMENT_OR_HEADER","/-! ## Axiom audit for the geometric workaround layer. -/"
"C:\Users\사용자\mathlib4\PrimalitySheafVerification\Spt2.lean","7154","Axiom","BLOCK_COMMENT_OR_HEADER","/-! ## Axiom audit for the object-level detector wiring. -/"
"C:\Users\사용자\mathlib4\PrimalitySheafVerification\Spt2.lean","8093","axiom","POTENTIAL_ACTIVE_RISK","""Derive all detector gates from the comparison certificate, not from a hidden project axiom"","
"C:\Users\사용자\mathlib4\PrimalitySheafVerification\Spt2.lean","8825","Axiom","BLOCK_COMMENT_OR_HEADER","/-! ### Axiom audit for the structural-resolution layer. -/"
"C:\Users\사용자\mathlib4\PrimalitySheafVerification\Spt3.lean","3","sorry","ACTIVE_PLACEHOLDER_CHECK_REQUIRED","Spt3Unified.lean — INTEGRATED, sorry-free, axiom-free formalization of"
"C:\Users\사용자\mathlib4\PrimalitySheafVerification\Spt3.lean","10","axiom","POTENTIAL_ACTIVE_RISK","Every result is kernel-checked; the axiom firewall confirms dependence"
"C:\Users\사용자\mathlib4\PrimalitySheafVerification\Spt3.lean","11","sorryAx","ACTIVE_PLACEHOLDER_CHECK_REQUIRED","only on [propext, Classical.choice, Quot.sound] (never sorryAx)."
"C:\Users\사용자\mathlib4\PrimalitySheafVerification\Spt3.lean","75","sorry","ACTIVE_PLACEHOLDER_CHECK_REQUIRED","Spt3.lean — sorry-free, axiom-free verified core of"
"C:\Users\사용자\mathlib4\PrimalitySheafVerification\Spt3.lean","80","sorry","ACTIVE_PLACEHOLDER_CHECK_REQUIRED","`sorry` and NO new global `axiom`.  The axiom firewall enforces that audited"
"C:\Users\사용자\mathlib4\PrimalitySheafVerification\Spt3.lean","82","sorryAx","ACTIVE_PLACEHOLDER_CHECK_REQUIRED","(never `sorryAx`); the conditional results (§G) carry their assumptions as"
"C:\Users\사용자\mathlib4\PrimalitySheafVerification\Spt3.lean","329","sorryAx","ACTIVE_PLACEHOLDER_CHECK_REQUIRED","shows no `sorryAx` and no new global axiom. -/"
"C:\Users\사용자\mathlib4\PrimalitySheafVerification\Spt3.lean","645","Axiom","BLOCK_COMMENT_OR_HEADER","/-! ## Axiom audit. -/"
"C:\Users\사용자\mathlib4\PrimalitySheafVerification\Spt3.lean","658","sorry","ACTIVE_PLACEHOLDER_CHECK_REQUIRED","against Mathlib (sorry-free, axiom-free).  This realises §2.1 / §3.2 / §4.5 at"
"C:\Users\사용자\mathlib4\PrimalitySheafVerification\Spt3.lean","746","sorry","ACTIVE_PLACEHOLDER_CHECK_REQUIRED","sorry-free, axiom-free."
"C:\Users\사용자\mathlib4\PrimalitySheafVerification\Spt3.lean","796","sorry","ACTIVE_PLACEHOLDER_CHECK_REQUIRED","Spt3Cert above.  sorry-free, axiom-free (audited at the end)."
"C:\Users\사용자\mathlib4\PrimalitySheafVerification\Spt3.lean","1457","admit","ACTIVE_PLACEHOLDER_CHECK_REQUIRED","previous one (catches a composite the lighter gates admit) — the non-redundancy / minimality"
"C:\Users\사용자\mathlib4\PrimalitySheafVerification\Spt3.lean","1578","Axiom","BLOCK_COMMENT_OR_HEADER","/-! ## Axiom audit for the checklist additions. -/"
"C:\Users\사용자\mathlib4\PrimalitySheafVerification\Spt3.lean","1588","axiom","POTENTIAL_ACTIVE_RISK","missing Mathlib infrastructure is not introduced as `axiom`, and paper-level"
"C:\Users\사용자\mathlib4\PrimalitySheafVerification\Spt3.lean","2403","sorry","ACTIVE_PLACEHOLDER_CHECK_REQUIRED","Mathlib, sorry-free and axiom-free (audited at the end):"
"C:\Users\사용자\mathlib4\PrimalitySheafVerification\Spt3.lean","2513","admit","ACTIVE_PLACEHOLDER_CHECK_REQUIRED","admit every candidate (each is the full subpresheaf `⊤`, the normalized"
"C:\Users\사용자\mathlib4\PrimalitySheafVerification\Spt3.lean","2522","Axiom","BLOCK_COMMENT_OR_HEADER","/-! ## Axiom audit for Category G. -/"
"C:\Users\사용자\mathlib4\PrimalitySheafVerification\Spt3.lean","2532","sorry","ACTIVE_PLACEHOLDER_CHECK_REQUIRED","reachable in current Mathlib.  All kernel-verified, sorry-free, axiom-free."
"C:\Users\사용자\mathlib4\PrimalitySheafVerification\Spt3.lean","2646","Axiom","BLOCK_COMMENT_OR_HEADER","/-! ## Axiom audit for Category H. -/"
"C:\Users\사용자\mathlib4\PrimalitySheafVerification\Spt3.lean","2718","Axiom","BLOCK_COMMENT_OR_HEADER","/-! ## Axiom audit for Category I. -/"
"C:\Users\사용자\mathlib4\PrimalitySheafVerification\Spt3.lean","2730","sorry","ACTIVE_PLACEHOLDER_CHECK_REQUIRED","cannot be CLOSED sorry-free without first BUILDING `Tor` itself — a research-scale"
"C:\Users\사용자\mathlib4\PrimalitySheafVerification\Spt3.lean","2799","Axiom","BLOCK_COMMENT_OR_HEADER","/-! ## Axiom audit for Category J. -/"
"C:\Users\사용자\mathlib4\PrimalitySheafVerification\Spt3.lean","2813","axiom","POTENTIAL_ACTIVE_RISK","• `torZeroIso`                 `Tor₀(N, -) ≅ N ⊗ -`            (derived-functor axiom)."
"C:\Users\사용자\mathlib4\PrimalitySheafVerification\Spt3.lean","2814","axiom","POTENTIAL_ACTIVE_RISK","• `torSucc_projective_isZero`  `Torₙ₊₁(N, P) = 0` for projective `P`  (axiom)."
"C:\Users\사용자\mathlib4\PrimalitySheafVerification\Spt3.lean","2827","sorry","ACTIVE_PLACEHOLDER_CHECK_REQUIRED","functor and the homology-group value rather than fake the object iso with `sorry`. -/"
"C:\Users\사용자\mathlib4\PrimalitySheafVerification\Spt3.lean","2882","axiom","BLOCK_COMMENT_OR_HEADER","/-- **Derived-functor axiom 1.** `Tor₀(N, -) ≅ N ⊗ -`. -/"
"C:\Users\사용자\mathlib4\PrimalitySheafVerification\Spt3.lean","2886","axiom","BLOCK_COMMENT_OR_HEADER","/-- **Derived-functor axiom 2.** Higher `Tor` of a projective module vanishes. -/"
"C:\Users\사용자\mathlib4\PrimalitySheafVerification\Spt3.lean","2914","Axiom","BLOCK_COMMENT_OR_HEADER","/-! ## Axiom audit for Category K. -/"
"C:\Users\사용자\mathlib4\PrimalitySheafVerification\Spt3.lean","3068","axiom","POTENTIAL_ACTIVE_RISK","item by proving the precise obstruction rather than introducing an axiom."
"C:\Users\사용자\mathlib4\PrimalitySheafVerification\Spt3.lean","3255","sorry","ACTIVE_PLACEHOLDER_CHECK_REQUIRED","The two genuinely-new last-mile closures, kernel-verified (sorry-free,"
"C:\Users\사용자\mathlib4\PrimalitySheafVerification\Spt3.lean","3256","axiom","ACTIVE_AXIOM_DECLARATION_CHECK_REQUIRED","axiom-free; audited below):"
"C:\Users\사용자\mathlib4\PrimalitySheafVerification\Spt3.lean","3395","Axiom","BLOCK_COMMENT_OR_HEADER","/-! ## Axiom audit for Category L. -/"
"C:\Users\사용자\mathlib4\PrimalitySheafVerification\Spt3.lean","3410","sorry","ACTIVE_PLACEHOLDER_CHECK_REQUIRED","We do EXACTLY this — UNCONDITIONALLY: no `sorry`, no new `axiom`, and no"
"C:\Users\사용자\mathlib4\PrimalitySheafVerification\Spt3.lean","3415","sorryAx","ACTIVE_PLACEHOLDER_CHECK_REQUIRED","`sorryAx` and never a new global axiom):"
"C:\Users\사용자\mathlib4\PrimalitySheafVerification\Spt3.lean","3568","Axiom","BLOCK_COMMENT_OR_HEADER","/-! ## Axiom audit for Category M. -/"
"C:\Users\사용자\mathlib4\PrimalitySheafVerification\Spt3.lean","3589","sorry","ACTIVE_PLACEHOLDER_CHECK_REQUIRED","Everything is kernel-checked, sorry-free, axiom-free (audited at the end):"
"C:\Users\사용자\mathlib4\PrimalitySheafVerification\Spt3.lean","3752","Axiom","BLOCK_COMMENT_OR_HEADER","/-! ## Axiom audit for Category N. -/"
"C:\Users\사용자\mathlib4\PrimalitySheafVerification\Spt3.lean","3761","sorry","ACTIVE_PLACEHOLDER_CHECK_REQUIRED","Two requested extensions of Category N, both kernel-checked, sorry-free,"
"C:\Users\사용자\mathlib4\PrimalitySheafVerification\Spt3.lean","3762","axiom","ACTIVE_AXIOM_DECLARATION_CHECK_REQUIRED","axiom-free (audited at the end):"
"C:\Users\사용자\mathlib4\PrimalitySheafVerification\Spt3.lean","3992","Axiom","BLOCK_COMMENT_OR_HEADER","/-! ## Axiom audit for Category O. -/"
"C:\Users\사용자\mathlib4\PrimalitySheafVerification\Spt3.lean","4024","sorry","ACTIVE_PLACEHOLDER_CHECK_REQUIRED","Kernel-verified against Mathlib v4.31.0 (sorry-free; the `#print axioms` audit"
"C:\Users\사용자\mathlib4\PrimalitySheafVerification\Spt3.lean","4116","axiom","POTENTIAL_ACTIVE_RISK","against Mathlib v4.31.0 (axiom audit below). -/"
"C:\Users\사용자\mathlib4\PrimalitySheafVerification\Spt3.lean","4318","Axiom","BLOCK_COMMENT_OR_HEADER","/-! ## Axiom audit for Category P. -/"
"C:\Users\사용자\mathlib4\PrimalitySheafVerification\Spt3.lean","4356","axiom","ACTIVE_PLACEHOLDER_CHECK_REQUIRED","`#print axioms` here certifies the absence of `sorry`, NOT the truth of the assumed bound. -/"
"C:\Users\사용자\mathlib4\PrimalitySheafVerification\Spt3.lean","4462","Axiom","BLOCK_COMMENT_OR_HEADER","/-! ## Axiom audit for Category Q. -/"
"C:\Users\사용자\mathlib4\PrimalitySheafVerification\Spt3.lean","4500","sorry","ACTIVE_PLACEHOLDER_CHECK_REQUIRED","All kernel-verified, sorry-free, on standard axioms only."
"C:\Users\사용자\mathlib4\PrimalitySheafVerification\Spt3.lean","4604","Axiom","BLOCK_COMMENT_OR_HEADER","/-! ## Axiom audit for Category R. -/"
"C:\Users\사용자\mathlib4\PrimalitySheafVerification\Spt3.lean","4869","Axiom","BLOCK_COMMENT_OR_HEADER","/-! ## Axiom audit for Category S (⑦ repointed constant sheaf, unconditional). -/"
"C:\Users\사용자\mathlib4\PrimalitySheafVerification\Spt3.lean","5023","Axiom","BLOCK_COMMENT_OR_HEADER","/-! ## Axiom audit for Category T (⑧ genuine numeric Archimedean window). -/"
"C:\Users\사용자\mathlib4\PrimalitySheafVerification\Spt3.lean","5046","sorry","ACTIVE_PLACEHOLDER_CHECK_REQUIRED","certifies absence of `sorry`, NOT the truth of the assumed bound. -/"
"C:\Users\사용자\mathlib4\PrimalitySheafVerification\Spt3.lean","5141","Axiom","BLOCK_COMMENT_OR_HEADER","/-! ## Axiom audit for Category U (③ candidate separation via Baker named hypothesis). -/"
"C:\Users\사용자\mathlib4\PrimalitySheafVerification\Spt3.lean","5243","Axiom","BLOCK_COMMENT_OR_HEADER","/-! ## Axiom audit for Category V (③ BakerSeparation PROVED for integer candidates). -/"
"C:\Users\사용자\mathlib4\PrimalitySheafVerification\Spt3.lean","5329","Axiom","BLOCK_COMMENT_OR_HEADER","/-! ## Axiom audit for Category W (⑧ two-sided log window). -/"
"C:\Users\사용자\mathlib4\PrimalitySheafVerification\Spt3.lean","5461","Axiom","BLOCK_COMMENT_OR_HEADER","/-! ## Axiom audit for Category X (⑨ Hensel/Jacobian gate, Proposition 2). -/"
"C:\Users\사용자\mathlib4\PrimalitySheafVerification\Spt3.lean","5542","Axiom","BLOCK_COMMENT_OR_HEADER","/-! ## Axiom audit for Category Y (⑩ Tor bifunctor full naturality). -/"
"C:\Users\사용자\mathlib4\PrimalitySheafVerification\Spt3.lean","5629","Axiom","BLOCK_COMMENT_OR_HEADER","/-! ## Axiom audit for Category Z (⑪ concrete cost / operation-count model). -/"
"C:\Users\사용자\mathlib4\PrimalitySheafVerification\Spt3.lean","5722","Axiom","BLOCK_COMMENT_OR_HEADER","/-! ## Axiom audit for Category P, part 5 (Item D — p-adic log term valuation bound). -/"
"C:\Users\사용자\mathlib4\PrimalitySheafVerification\Spt3.lean","5795","Axiom","BLOCK_COMMENT_OR_HEADER","/-! ## Axiom audit for Category P, part 6 (Item D items 2/4(b)/5). -/"
"C:\Users\사용자\mathlib4\PrimalitySheafVerification\Spt3.lean","5878","Axiom","BLOCK_COMMENT_OR_HEADER","/-! ## Axiom audit for Category L, part 2 (T1-a / B7 genuine n-fold direct sum). -/"
"C:\Users\사용자\mathlib4\PrimalitySheafVerification\Spt3.lean","5964","Axiom","BLOCK_COMMENT_OR_HEADER","/-! ## Axiom audit for Category Y, part 2 (T1-b first-variable additivity). -/"
"C:\Users\사용자\mathlib4\PrimalitySheafVerification\Spt3.lean","6018","Axiom","BLOCK_COMMENT_OR_HEADER","/-! ## Axiom audit for Category M, part 2 (T1-c unified TFAE). -/"
"C:\Users\사용자\mathlib4\PrimalitySheafVerification\Spt3.lean","6071","Axiom","BLOCK_COMMENT_OR_HEADER","/-! ## Axiom audit for Category M, part 3 (C1 unconditional completeness). -/"
"C:\Users\사용자\mathlib4\PrimalitySheafVerification\Spt3.lean","6183","Axiom","BLOCK_COMMENT_OR_HEADER","/-! ## Axiom audit for Category A1-2 (T2-a literal AKS/ECPP verifier isolation). -/"
"C:\Users\사용자\mathlib4\PrimalitySheafVerification\Spt3.lean","6316","Axiom","BLOCK_COMMENT_OR_HEADER","/-! ## Axiom audit for Category A1-3 (T2-a built: ℤ/N partial group law, divisor extraction). -/"
"C:\Users\사용자\mathlib4\PrimalitySheafVerification\Spt3.lean","6374","Axiom","BLOCK_COMMENT_OR_HEADER","/-! ## Axiom audit for Category A2-2 (T2-b formal log additivity). -/"
"C:\Users\사용자\mathlib4\PrimalitySheafVerification\Spt3.lean","6430","Axiom","BLOCK_COMMENT_OR_HEADER","/-! ## Axiom audit for Category V, part 2 (T2-c integer-candidate separation). -/"
"C:\Users\사용자\mathlib4\PrimalitySheafVerification\Spt3.lean","6495","Axiom","BLOCK_COMMENT_OR_HEADER","/-! ## Axiom audit for Category V, part 3 (T2-c general real value-separation bridge). -/"
"C:\Users\사용자\mathlib4\PrimalitySheafVerification\Spt3.lean","6571","Axiom","BLOCK_COMMENT_OR_HEADER","/-! ## Axiom audit for Category X, part 2 (T2-d 1-variable Jacobian⟹formally-étale). -/"
"C:\Users\사용자\mathlib4\PrimalitySheafVerification\Spt3.lean","6654","Axiom","BLOCK_COMMENT_OR_HEADER","/-! ## Axiom audit for Category X, part 3 (T2-d reverse-direction reduction). -/"
"C:\Users\사용자\mathlib4\PrimalitySheafVerification\Spt3.lean","6721","Axiom","BLOCK_COMMENT_OR_HEADER","/-! ## Axiom audit for Category X, part 4 (T2-d multivariate EC good-locus étale). -/"
"C:\Users\사용자\mathlib4\PrimalitySheafVerification\Spt3.lean","6776","Axiom","BLOCK_COMMENT_OR_HEADER","/-! ## Axiom audit for Category Y, part 3 (T2-e genuine connecting morphism + naturality). -/"
"C:\Users\사용자\mathlib4\PrimalitySheafVerification\Spt3.lean","6820","Axiom","BLOCK_COMMENT_OR_HEADER","/-! ## Axiom audit for Category Y, part 4 (T2-e additive-functor split-preservation engine). -/"
"C:\Users\사용자\mathlib4\PrimalitySheafVerification\Spt3.lean","6894","Axiom","BLOCK_COMMENT_OR_HEADER","/-! ## Axiom audit for Category Y, part 5 (T2-e horseshoe base case). -/"
"C:\Users\사용자\mathlib4\PrimalitySheafVerification\Spt3.lean","6940","Axiom","BLOCK_COMMENT_OR_HEADER","/-! ## Axiom audit for Category Y, part 6 (T2-e horseshoe induction-step isolation). -/"
"C:\Users\사용자\mathlib4\PrimalitySheafVerification\Spt3.lean","6952","axiom","BLOCK_COMMENT_OR_HEADER","* only the genuinely new statements are proved here, each with the clean axiom set"
"C:\Users\사용자\mathlib4\PrimalitySheafVerification\Spt3.lean","7010","Axiom","BLOCK_COMMENT_OR_HEADER","/-! ### Axiom audit + no-duplication references for PART 3. -/"
"C:\Users\사용자\mathlib4\PrimalitySheafVerification\Spt3.lean","7012","axiom","COMMENT","-- NEW lemmas proved in this file (clean axiom set):"
"C:\Users\사용자\mathlib4\PrimalitySheafVerification\Spt3.lean","7021","axiom","POTENTIAL_ACTIVE_RISK","`axiom` command is used anywhere in this file: every deep theorem Mathlib v4.31.0 lacks is carried"
"C:\Users\사용자\mathlib4\PrimalitySheafVerification\Spt3.lean","7024","axiom","POTENTIAL_ACTIVE_RISK","UNCONDITIONAL CORE (clean axiom set `[propext, Classical.choice, Quot.sound]`):"
"C:\Users\사용자\mathlib4\PrimalitySheafVerification\Spt3.lean","7049","axiom","COMMENT","-- Confirm each conditional input is an explicit interface (no global axiom, no hidden proof field):"
"C:\Users\사용자\mathlib4\PrimalitySheafVerification\Spt3.lean","7217","axiom","BLOCK_COMMENT_OR_HEADER","/-! ## PART A — compile-time axiom firewall (reused from the SPT5 development)."
"C:\Users\사용자\mathlib4\PrimalitySheafVerification\Spt3.lean","7219","axiom","POTENTIAL_ACTIVE_RISK","Printing axiom dependencies only *prints*.  The two `elab` commands below make the audit *enforced*: each"
"C:\Users\사용자\mathlib4\PrimalitySheafVerification\Spt3.lean","7221","Axiom","ACTIVE_PLACEHOLDER_CHECK_REQUIRED","Quot.sound}`.  They use Lean's `collectAxioms` engine, so any `sorryAx` (from"
"C:\Users\사용자\mathlib4\PrimalitySheafVerification\Spt3.lean","7222","sorry","ACTIVE_PLACEHOLDER_CHECK_REQUIRED","`sorry`), `Lean.ofReduceBool` (from `native_decide`), or an import-introduced axiom turns into a"
"C:\Users\사용자\mathlib4\PrimalitySheafVerification\Spt3.lean","7225","axiom","BLOCK_COMMENT_OR_HEADER","/-- **Compile-time axiom gate.**  `#assert_only_safe_axioms id` errors unless `id`'s transitive"
"C:\Users\사용자\mathlib4\PrimalitySheafVerification\Spt3.lean","7226","axiom","ACTIVE_AXIOM_DECLARATION_CHECK_REQUIRED","axiom dependencies are ⊆ `{propext, Classical.choice, Quot.sound}`. -/"
"C:\Users\사용자\mathlib4\PrimalitySheafVerification\Spt3.lean","7233","AXIOM","POTENTIAL_ACTIVE_RISK","throwError m!""SPT3 AXIOM FIREWALL FAILED: {cname} depends on forbidden axiom(s) {bad} \"
"C:\Users\사용자\mathlib4\PrimalitySheafVerification\Spt3.lean","7259","axiom","BLOCK_COMMENT_OR_HEADER","/-- The statement that the trusted base is the Lean kernel + lake + axiom firewall + human review. -/"
"C:\Users\사용자\mathlib4\PrimalitySheafVerification\Spt3.lean","7291","Axiom","BLOCK_COMMENT_OR_HEADER","/-- The `noHiddenAxioms` field is witnessed mechanically by the certified axiom firewall at the"
"C:\Users\사용자\mathlib4\PrimalitySheafVerification\Spt3.lean","7293","axiom","POTENTIAL_ACTIVE_RISK","open `[INTERFACE]` boundaries are registered separately and are not advertised as axiom-free"
"C:\Users\사용자\mathlib4\PrimalitySheafVerification\Spt3.lean","7298","axiom","POTENTIAL_ACTIVE_RISK","unconditional clean-axiom theorem; `conditional` = relative to a named `Prop` interface;"
"C:\Users\사용자\mathlib4\PrimalitySheafVerification\Spt3.lean","7322","axiom","POTENTIAL_ACTIVE_RISK","It is documentation with teeth: it compiles, it is audited by the axiom firewall, and `provedNeighbors`"
"C:\Users\사용자\mathlib4\PrimalitySheafVerification\Spt3.lean","7407","axiom","BLOCK_COMMENT_OR_HEADER","/-! ## PART A (cont.) — curated compile-time axiom firewall over the headline declarations."
"C:\Users\사용자\mathlib4\PrimalitySheafVerification\Spt3.lean","7408","axiom","POTENTIAL_ACTIVE_RISK","Each line is a HARD build error if the named declaration acquires a forbidden axiom. -/"
"C:\Users\사용자\mathlib4\PrimalitySheafVerification\Spt3.lean","7444","axiom","BLOCK_COMMENT_OR_HEADER","/-- **Certified closing axiom firewall.**  This audits the declarations that this file marks as"
"C:\Users\사용자\mathlib4\PrimalitySheafVerification\Spt3.lean","7482","AXIOM","POTENTIAL_ACTIVE_RISK","throwError m!""SPT3 CERTIFIED AXIOM FIREWALL FAILED: {bad.size} audited declaration(s) use \"
"C:\Users\사용자\mathlib4\PrimalitySheafVerification\Spt3.lean","7485","axiom","BLOCK_COMMENT_OR_HEADER","/-! ## PART A (cont.) — certified axiom firewall closing gate."
"C:\Users\사용자\mathlib4\PrimalitySheafVerification\Spt4.lean","11","sorry","ACTIVE_PLACEHOLDER_CHECK_REQUIRED","proofs (no `sorry`, no new global `axiom`).  Mathlib's"
"C:\Users\사용자\mathlib4\PrimalitySheafVerification\Spt4.lean","1019","axiom","POTENTIAL_ACTIVE_RISK","hypothesis (NOT a global `axiom`); each field is a genuine biconditional between a"
"C:\Users\사용자\mathlib4\PrimalitySheafVerification\Spt4.lean","1819","axiom","POTENTIAL_ACTIVE_RISK","hypotheses (structure fields), never as global `axiom`s**.  On this interface the"
"C:\Users\사용자\mathlib4\PrimalitySheafVerification\Spt4.lean","2273","axiom","POTENTIAL_ACTIVE_RISK","hypothesis — never a global `axiom`. -/"
"C:\Users\사용자\mathlib4\PrimalitySheafVerification\Spt4.lean","2303","axiom","POTENTIAL_ACTIVE_RISK","certificates.  NOTE on honesty: we prove the sweeps **generally** (axiom-free over"
"C:\Users\사용자\mathlib4\PrimalitySheafVerification\Spt4.lean","2304","native_decide","NATIVE_DECIDE_CHECK_REQUIRED","the whole range) rather than by `native_decide`, which would add the compiler-trust"
"C:\Users\사용자\mathlib4\PrimalitySheafVerification\Spt4.lean","2305","axiom","ACTIVE_AXIOM_DECLARATION_CHECK_REQUIRED","axiom and break the `{propext, Classical.choice, Quot.sound}` invariant; a small"
"C:\Users\사용자\mathlib4\PrimalitySheafVerification\Spt4.lean","2325","axiom","NATIVE_DECIDE_CHECK_REQUIRED","the entire range (axiom-free), not by `native_decide`. -/"
"C:\Users\사용자\mathlib4\PrimalitySheafVerification\Spt4.lean","2336","axiom","COMMENT","-- Explicit kernel-`decide` machine check on a representative subrange (axiom-free)."
"C:\Users\사용자\mathlib4\PrimalitySheafVerification\Spt4.lean","2503","axiom","POTENTIAL_ACTIVE_RISK","The deep geometric inputs are externalized as hypotheses (never global `axiom`s),"
"C:\Users\사용자\mathlib4\PrimalitySheafVerification\Spt4.lean","2537","sorry","ACTIVE_PLACEHOLDER_CHECK_REQUIRED","║   genuine proofs (no `sorry`, no new global `axiom`).                       ║"
"C:\Users\사용자\mathlib4\PrimalitySheafVerification\Spt4.lean","2753","axiom","POTENTIAL_ACTIVE_RISK","bound; recorded as an explicit hypothesis, never a global `axiom`. -/"
"C:\Users\사용자\mathlib4\PrimalitySheafVerification\Spt4.lean","2853","axiom","POTENTIAL_ACTIVE_RISK","(b) asserting them as a global `axiom`, which would BREAK this file's core"
"C:\Users\사용자\mathlib4\PrimalitySheafVerification\Spt4.lean","2880","axiom","ACTIVE_AXIOM_DECLARATION_CHECK_REQUIRED","axiom: every theorem still kernel-checks within the three standard axioms. -/"
"C:\Users\사용자\mathlib4\PrimalitySheafVerification\Spt4.lean","3546","axiom","POTENTIAL_ACTIVE_RISK","explicit certificate (never a global `axiom`), prove it *yields* the all-degree"
"C:\Users\사용자\mathlib4\PrimalitySheafVerification\Spt4.lean","4358","axiom","POTENTIAL_ACTIVE_RISK","`axiom`). -/"
"C:\Users\사용자\mathlib4\PrimalitySheafVerification\Spt4.lean","4837","sorry","ACTIVE_PLACEHOLDER_CHECK_REQUIRED","║   resolution-`H₁` Tor object iso (all sorry-free).                          ║"
"C:\Users\사용자\mathlib4\PrimalitySheafVerification\Spt4.lean","4925","sorry","ACTIVE_PLACEHOLDER_CHECK_REQUIRED","`ProjectiveResolution (ℤ/N)` — no `sorry`, no axiom. -/"
"C:\Users\사용자\mathlib4\PrimalitySheafVerification\Spt4.lean","5059","sorry","ACTIVE_PLACEHOLDER_CHECK_REQUIRED","computation; recorded as a predicate, never asserted with `sorry`. -/"
"C:\Users\사용자\mathlib4\PrimalitySheafVerification\Spt4.lean","5067","sorry","ACTIVE_PLACEHOLDER_CHECK_REQUIRED","Four upgrades, all sorry-free and axiom-clean:"
"C:\Users\사용자\mathlib4\PrimalitySheafVerification\Spt4.lean","5183","axiom","POTENTIAL_ACTIVE_RISK","as a named, satisfiable hypothesis (never a global `axiom`). -/"
"C:\Users\사용자\mathlib4\PrimalitySheafVerification\Spt4.lean","5709","axiom","POTENTIAL_ACTIVE_RISK","모든 새 결과는 무조건부이다(가설 없는 전역 `axiom` 없음). -/"
"C:\Users\사용자\mathlib4\PrimalitySheafVerification\Spt4.lean","8693","axiom","BLOCK_COMMENT_OR_HEADER","/-! ## §Δ — audit of the checklist extensions (axiom-free witness). -/"
"C:\Users\사용자\mathlib4\PrimalitySheafVerification\Spt4.lean","8697","Axiom","BLOCK_COMMENT_OR_HEADER","/-! ## Axiom audit (formalization + certification). -/"
"C:\Users\사용자\mathlib4\PrimalitySheafVerification\Spt5.lean","3","sorry","ACTIVE_PLACEHOLDER_CHECK_REQUIRED","Spt5.lean — sorry-free, axiom-free verified core of"
"C:\Users\사용자\mathlib4\PrimalitySheafVerification\Spt5.lean","8","sorry","ACTIVE_PLACEHOLDER_CHECK_REQUIRED","Every theorem is kernel-checked against Mathlib, NO `sorry`, NO new global"
"C:\Users\사용자\mathlib4\PrimalitySheafVerification\Spt5.lean","9","axiom","ACTIVE_PLACEHOLDER_CHECK_REQUIRED","`axiom`.  The `AxiomAudit` section confirms `sorryAx`-freeness; conditional"
"C:\Users\사용자\mathlib4\PrimalitySheafVerification\Spt5.lean","19","sorryAx","ACTIVE_PLACEHOLDER_CHECK_REQUIRED","785 `Spt5.*` results, and FAILS the build if a single one depends on `sorryAx`"
"C:\Users\사용자\mathlib4\PrimalitySheafVerification\Spt5.lean","20","sorry","ACTIVE_PLACEHOLDER_CHECK_REQUIRED","(`sorry`), `Lean.ofReduceBool` (`native_decide`), or any other axiom outside"
"C:\Users\사용자\mathlib4\PrimalitySheafVerification\Spt5.lean","21","sorry","ACTIVE_PLACEHOLDER_CHECK_REQUIRED","the safe three — verified non-vacuous against a `sorry`/`native_decide` probe."
"C:\Users\사용자\mathlib4\PrimalitySheafVerification\Spt5.lean","270","native_decide","NATIVE_DECIDE_CHECK_REQUIRED","supplies the row Hasse proofs; `native_decide` explicitly excluded"
"C:\Users\사용자\mathlib4\PrimalitySheafVerification\Spt5.lean","2875","axiom","ACTIVE_AXIOM_DECLARATION_CHECK_REQUIRED","axiom; the splitting comes from Mathlib's `LinearMap.exists_rightInverse_of_surjective` +"
"C:\Users\사용자\mathlib4\PrimalitySheafVerification\Spt5.lean","4904","axiom","POTENTIAL_ACTIVE_RISK","equality.  We do not add an axiom or structure field for that missing analytic theorem. -/"
"C:\Users\사용자\mathlib4\PrimalitySheafVerification\Spt5.lean","4926","axiom","ACTIVE_PLACEHOLDER_CHECK_REQUIRED","`sum_linearization_padic`; no structure field, axiom, `sorry`, or log-multiplicativity assumption"
"C:\Users\사용자\mathlib4\PrimalitySheafVerification\Spt5.lean","5235","axiom","BLOCK_COMMENT_OR_HEADER","/-- **SHEAF SEPARATION (identity axiom).**  A global section of the cyclic structure sheaf over"
"C:\Users\사용자\mathlib4\PrimalitySheafVerification\Spt5.lean","5242","axiom","BLOCK_COMMENT_OR_HEADER","/-- **SHEAF GLUING (gluing axiom).**  Any pair of local sections `(sₐ, s_b)` over the cover"
"C:\Users\사용자\mathlib4\PrimalitySheafVerification\Spt5.lean","5256","axiom","BLOCK_COMMENT_OR_HEADER","/-- The glued global section is UNIQUE (separation + gluing ⟹ `∃!`): the full sheaf axiom on the"
"C:\Users\사용자\mathlib4\PrimalitySheafVerification\Spt5.lean","5286","AXIOM","BLOCK_COMMENT_OR_HEADER","/-- **FULL SHEAF AXIOM on an `n`-fold coprime cover.**  The glued global section is unique:"
"C:\Users\사용자\mathlib4\PrimalitySheafVerification\Spt5.lean","5329","sorry","ACTIVE_PLACEHOLDER_CHECK_REQUIRED","theories).  Fabricating proofs would violate the file's `sorry`-free / axiom-audited contract."
"C:\Users\사용자\mathlib4\PrimalitySheafVerification\Spt5.lean","5355","sorry","ACTIVE_PLACEHOLDER_CHECK_REQUIRED","discharged on instances.  No `sorry`, no extra axioms (enforced by §III.2 `#assert_only_safe_axioms`). -/"
"C:\Users\사용자\mathlib4\PrimalitySheafVerification\Spt5.lean","5735","native_decide","NATIVE_DECIDE_CHECK_REQUIRED","that route is a kernel-reduction cost issue, and `native_decide` is forbidden by the III.2+"
"C:\Users\사용자\mathlib4\PrimalitySheafVerification\Spt5.lean","5736","axiom","ACTIVE_AXIOM_DECLARATION_CHECK_REQUIRED","axiom firewall.  What is unconditional below is the Lean mathematics around the table:"
"C:\Users\사용자\mathlib4\PrimalitySheafVerification\Spt5.lean","5751","native_decide","NATIVE_DECIDE_CHECK_REQUIRED","`native_decide`, which would import `Lean.ofReduceBool`. -/"
"C:\Users\사용자\mathlib4\PrimalitySheafVerification\Spt5.lean","5833","axiom","POTENTIAL_ACTIVE_RISK","`(m,n)`, then Hasse follows.  No elliptic-curve geometry, no bundle field, no axiom: evaluate the"
"C:\Users\사용자\mathlib4\PrimalitySheafVerification\Spt5.lean","6214","axiom","POTENTIAL_ACTIVE_RISK","discussion, and it uses no custom axiom. -/"
"C:\Users\사용자\mathlib4\PrimalitySheafVerification\Spt5.lean","6705","axiom","ACTIVE_AXIOM_DECLARATION_CHECK_REQUIRED","axiom-clean) TRACE level: `aₚ = a₇` is the genuine Legendre count over `𝔽₇`, `a_{49} = a₇²−14`"
"C:\Users\사용자\mathlib4\PrimalitySheafVerification\Spt5.lean","6708","native_decide","NATIVE_DECIDE_CHECK_REQUIRED","`native_decide` would add the `ofReduceBool` axiom and break the III.2⁺ firewall) — so the"
"C:\Users\사용자\mathlib4\PrimalitySheafVerification\Spt5.lean","7451","axiom","POTENTIAL_ACTIVE_RISK","smuggled in as an axiom, but isolated as explicit structure fields and audited by the file-wide"
"C:\Users\사용자\mathlib4\PrimalitySheafVerification\Spt5.lean","7452","axiom","POTENTIAL_ACTIVE_RISK","safe-axiom firewall. -/"
"C:\Users\사용자\mathlib4\PrimalitySheafVerification\Spt5.lean","7698","axiom","POTENTIAL_ACTIVE_RISK","it proves the interface is logically consistent and axiom-free. -/"
"C:\Users\사용자\mathlib4\PrimalitySheafVerification\Spt5.lean","7725","Axiom","BLOCK_COMMENT_OR_HEADER","/-! ## Axiom audit. -/"
"C:\Users\사용자\mathlib4\PrimalitySheafVerification\Spt5.lean","7728","axiom","BLOCK_COMMENT_OR_HEADER","/-! ### §III.2 — AUTOMATED axiom audit (compile-time gate)."
"C:\Users\사용자\mathlib4\PrimalitySheafVerification\Spt5.lean","7733","Axiom","ACTIVE_PLACEHOLDER_CHECK_REQUIRED","`collectAxioms` engine as `#print axioms`, so any `sorryAx` (from `sorry`), `Lean.ofReduceBool`"
"C:\Users\사용자\mathlib4\PrimalitySheafVerification\Spt5.lean","7734","native_decide","NATIVE_DECIDE_CHECK_REQUIRED","(from `native_decide`), or NEW axiom introduced by an import (`Mathlib.NumberTheory.Padics.*`,"
"C:\Users\사용자\mathlib4\PrimalitySheafVerification\Spt5.lean","7741","axiom","BLOCK_COMMENT_OR_HEADER","/-- **Compile-time axiom gate.**  `#assert_only_safe_axioms id` errors unless `id`'s transitive axiom"
"C:\Users\사용자\mathlib4\PrimalitySheafVerification\Spt5.lean","7749","AXIOM","POTENTIAL_ACTIVE_RISK","throwError m!""III.2 AXIOM AUDIT FAILED: {cname} depends on forbidden axiom(s) {bad} \"
"C:\Users\사용자\mathlib4\PrimalitySheafVerification\Spt5.lean","7753","axiom","BLOCK_COMMENT_OR_HEADER","/-- **§III.2⁺ — WHOLE-FILE axiom firewall (certification-grade).**  `#assert_all_local_safe_axioms`"
"C:\Users\사용자\mathlib4\PrimalitySheafVerification\Spt5.lean","7755","axiom","POTENTIAL_ACTIVE_RISK","not just a curated subset) and FAILS the build if any depends on an axiom outside"
"C:\Users\사용자\mathlib4\PrimalitySheafVerification\Spt5.lean","7756","sorryAx","ACTIVE_PLACEHOLDER_CHECK_REQUIRED","`{propext, Classical.choice, Quot.sound}` — catching `sorryAx` (`sorry`), `Lean.ofReduceBool`"
"C:\Users\사용자\mathlib4\PrimalitySheafVerification\Spt5.lean","7757","native_decide","NATIVE_DECIDE_CHECK_REQUIRED","(`native_decide`), or any import-introduced axiom across the entire development at once. -/"
"C:\Users\사용자\mathlib4\PrimalitySheafVerification\Spt5.lean","7770","AXIOM","POTENTIAL_ACTIVE_RISK","throwError m!""III.2⁺ WHOLE-FILE AXIOM AUDIT FAILED: {bad.size} declaration(s) use forbidden \"
"C:\Users\사용자\mathlib4\PrimalitySheafVerification\Spt5.lean","7774","native_decide","COMMENT","-- A5 symbolic table certification: full prime range listed, no `native_decide`"
"C:\Users\사용자\mathlib4\PrimalitySheafVerification\Spt5.lean","7781","sorryAx","COMMENT","-- (repair check) the surgically-repaired analysis lemmas are now sorryAx-free"
"C:\Users\사용자\mathlib4\PrimalitySheafVerification\Spt5.lean","7785","axiom","POTENTIAL_ACTIVE_RISK","If ANY line below introduced a forbidden axiom, this section would fail to compile.  Grouped by"
"C:\Users\사용자\mathlib4\PrimalitySheafVerification\Spt5.lean","7786","axiom","POTENTIAL_ACTIVE_RISK","the import whose axiom-cleanliness it certifies. -/"
"C:\Users\사용자\mathlib4\PrimalitySheafVerification\Spt5.lean","7858","native_decide","COMMENT","-- A5 symbolic table certification: full prime range listed, no `native_decide`"
"C:\Users\사용자\mathlib4\PrimalitySheafVerification\Spt5.lean","7999","native_decide","COMMENT","-- `decide`-based numeric facts (must use `decide`, NOT `native_decide` ⟹ no `ofReduceBool`)"
"C:\Users\사용자\mathlib4\PrimalitySheafVerification\Spt5.lean","8055","axiom","POTENTIAL_ACTIVE_RISK","above and fails the build on any forbidden axiom.  (Placed last so it sees the whole file.) -/"
"C:\Users\사용자\mathlib4\PrimalitySheafVerification\Spt6.lean","3","sorry","ACTIVE_PLACEHOLDER_CHECK_REQUIRED","Spt6.lean — sorry-free, axiom-free verified core of"
"C:\Users\사용자\mathlib4\PrimalitySheafVerification\Spt6.lean","8","sorry","ACTIVE_PLACEHOLDER_CHECK_REQUIRED","Original core was kernel-checked against Mathlib; NO `sorry`, NO new global"
"C:\Users\사용자\mathlib4\PrimalitySheafVerification\Spt6.lean","9","axiom","POTENTIAL_ACTIVE_RISK","`axiom`.  Later integrated stages include several deliberately tiny"
"C:\Users\사용자\mathlib4\PrimalitySheafVerification\Spt6.lean","105","axiom","POTENTIAL_ACTIVE_RISK","§10.3 / Tier-2 T2-2 motive realization UPSTREAM: only preservesEuler axiom + external defm; bump"
"C:\Users\사용자\mathlib4\PrimalitySheafVerification\Spt6.lean","108","axiom","POTENTIAL_ACTIVE_RISK","§8.8 / Tier-2 T2-3 geometric Frobenius UPSTREAM: single Lefschetz axiom (#E=p+1−aₚ) ⇒ DERIVE"
"C:\Users\사용자\mathlib4\PrimalitySheafVerification\Spt6.lean","177","AXIOM","POTENTIAL_ACTIVE_RISK","motivic, Spec-ℤ sheaf coh, Padic.log) — AXIOM-FREE: deep inputs as `structure`"
"C:\Users\사용자\mathlib4\PrimalitySheafVerification\Spt6.lean","616","axiom","BLOCK_COMMENT_OR_HEADER","/-! ## T2-3 — geometric Frobenius via a single Weil/Lefschetz axiom (upstream axiomatization)."
"C:\Users\사용자\mathlib4\PrimalitySheafVerification\Spt6.lean","619","axiom","POTENTIAL_ACTIVE_RISK","field.  T2-3 moves the assumption upstream to a single general axiom: the Weil-cohomology action of"
"C:\Users\사용자\mathlib4\PrimalitySheafVerification\Spt6.lean","630","axiom","BLOCK_COMMENT_OR_HEADER","/-- **T2-3 — geometric-Frobenius/Weil data (single upstream axiom).**  The geometric Frobenius trace"
"C:\Users\사용자\mathlib4\PrimalitySheafVerification\Spt6.lean","678","axiom","BLOCK_COMMENT_OR_HEADER","/-- The single Lefschetz axiom SUBSUMES the earlier `FrobeniusData` interface: it produces the"
"C:\Users\사용자\mathlib4\PrimalitySheafVerification\Spt6.lean","1689","axiom","POTENTIAL_ACTIVE_RISK","`.some`; the resulting use of `Classical.choice` stays inside the allowed axiom set.) -/"
"C:\Users\사용자\mathlib4\PrimalitySheafVerification\Spt6.lean","3330","axiom","BLOCK_COMMENT_OR_HEADER","/-! ## §L — Tier 3: interface / conditional formalization of the cohomological inputs (axiom-free)."
"C:\Users\사용자\mathlib4\PrimalitySheafVerification\Spt6.lean","3715","axiom","BLOCK_COMMENT_OR_HEADER","/-! ## C1 — Voevodsky motives & realization (Tier C, universal-axiom interface)."
"C:\Users\사용자\mathlib4\PrimalitySheafVerification\Spt6.lean","3723","axiom","POTENTIAL_ACTIVE_RISK","a realization functor `R : M ⥤ D`; the **Euler-preservation axiom** `preservesEuler` (`R` carries"
"C:\Users\사용자\mathlib4\PrimalitySheafVerification\Spt6.lean","3726","axiom","ACTIVE_AXIOM_DECLARATION_CHECK_REQUIRED","axiom `bump = χ_mot(Def_p)`.  From these, `bump = Δχ_mot = χ_mot(Xp) − χ_mot(Up)` is **derived**"
"C:\Users\사용자\mathlib4\PrimalitySheafVerification\Spt6.lean","3740","axiom","BLOCK_COMMENT_OR_HEADER","/-- **C1 — motivic realization data (Tier-C universal-axiom interface).**  See the section"
"C:\Users\사용자\mathlib4\PrimalitySheafVerification\Spt6.lean","3751","axiom","BLOCK_COMMENT_OR_HEADER","/-- **Euler-preservation axiom.**  `R` sends every distinguished triangle to an additive relation"
"C:\Users\사용자\mathlib4\PrimalitySheafVerification\Spt6.lean","3759","axiom","BLOCK_COMMENT_OR_HEADER","/-- **Realization axiom.**  The bump equals the motivic Euler characteristic of the deformation. -/"
"C:\Users\사용자\mathlib4\PrimalitySheafVerification\Spt6.lean","3767","axiom","POTENTIAL_ACTIVE_RISK","Euler-preservation axiom). -/"
"C:\Users\사용자\mathlib4\PrimalitySheafVerification\Spt6.lean","3787","axiom","POTENTIAL_ACTIVE_RISK","Euler-preservation axiom `preservesEuler` (`χ ∘ R` additive on distinguished triangles) — plus the"
"C:\Users\사용자\mathlib4\PrimalitySheafVerification\Spt6.lean","3804","axiom","POTENTIAL_ACTIVE_RISK","functor `R`, the target Euler characteristic `χ`, the Euler-preservation axiom `preservesEuler`, and"
"C:\Users\사용자\mathlib4\PrimalitySheafVerification\Spt6.lean","3814","axiom","BLOCK_COMMENT_OR_HEADER","/-- **Euler-preservation axiom** (the single homological axiom): `χ ∘ R` is additive on"
"C:\Users\사용자\mathlib4\PrimalitySheafVerification\Spt6.lean","3912","axiom","POTENTIAL_ACTIVE_RISK","functional `D` that is **additive on short exact sequences** (the Euler / localization-LES axiom for"
"C:\Users\사용자\mathlib4\PrimalitySheafVerification\Spt6.lean","3924","axiom","POTENTIAL_ACTIVE_RISK","localization-LES axiom for an arbitrary closed immersion). -/"
"C:\Users\사용자\mathlib4\PrimalitySheafVerification\Spt6.lean","3928","axiom","BLOCK_COMMENT_OR_HEADER","/-- **Additivity on short exact sequences** (the single general axiom). -/"
"C:\Users\사용자\mathlib4\PrimalitySheafVerification\Spt6.lean","4011","axiom","POTENTIAL_ACTIVE_RISK","the **sheaf-theoretic CRT gluing** explicit: the gluing axiom (local residues glue iff compatible on"
"C:\Users\사용자\mathlib4\PrimalitySheafVerification\Spt6.lean","4012","axiom","POTENTIAL_ACTIVE_RISK","overlaps) IS `crt_solvable_iff`, and the separatedness axiom (uniqueness mod `lcm`) is `lcm_dvd`."
"C:\Users\사용자\mathlib4\PrimalitySheafVerification\Spt6.lean","4019","axiom","POTENTIAL_ACTIVE_RISK","`a − b` vanishes mod `gcd(M,N)` — the ""agree on overlaps"" hypothesis of the sheaf gluing axiom. -/"
"C:\Users\사용자\mathlib4\PrimalitySheafVerification\Spt6.lean","4023","axiom","POTENTIAL_ACTIVE_RISK","CRT-compatible.  This *is* the sheaf gluing axiom for the primality/CRT structure (`crt_solvable_iff`). -/"
"C:\Users\사용자\mathlib4\PrimalitySheafVerification\Spt6.lean","4039","axiom","POTENTIAL_ACTIVE_RISK","agree mod `lcm(M,N)` — the *separated* half of the sheaf axiom. -/"
"C:\Users\사용자\mathlib4\PrimalitySheafVerification\Spt6.lean","4074","axiom","POTENTIAL_ACTIVE_RISK","universal-axiom principle we DERIVE the (v) faces from the C2 `CurveWeilCohomology` and C1"
"C:\Users\사용자\mathlib4\PrimalitySheafVerification\Spt6.lean","4230","axiom","ACTIVE_AXIOM_DECLARATION_CHECK_REQUIRED","axiom-free conditional interfaces.  Each theorem is either a projection of an explicit structure"
"C:\Users\사용자\mathlib4\PrimalitySheafVerification\Spt6.lean","5390","axiom","POTENTIAL_ACTIVE_RISK","The first closed-model pass provided axiom-free theorem shapes.  This second layer makes those"
"C:\Users\사용자\mathlib4\PrimalitySheafVerification\Spt6.lean","6537","axiom","BLOCK_COMMENT_OR_HEADER","/-- `CurveDetectorData` is an honest axiom-free interface, but its comparison"
"C:\Users\사용자\mathlib4\PrimalitySheafVerification\Spt6.lean","6735","axiom","BLOCK_COMMENT_OR_HEADER","/-- Stage-2 certificate layer: small axiom-free toy/sanity lemmas, not geometric closure. -/"
"C:\Users\사용자\mathlib4\PrimalitySheafVerification\Spt6.lean","8263","Axiom","BLOCK_COMMENT_OR_HEADER","/-! ## Axiom audit. -/"
"C:\Users\사용자\mathlib4\PrimalitySheafVerification\Spt7.lean","3","sorry","ACTIVE_PLACEHOLDER_CHECK_REQUIRED","Spt7.lean — sorry-free, axiom-free verified core of"
"C:\Users\사용자\mathlib4\PrimalitySheafVerification\Spt7.lean","8","sorry","ACTIVE_PLACEHOLDER_CHECK_REQUIRED","Kernel-checked against Mathlib; NO `sorry`, NO new global `axiom`.  Conditional"
"C:\Users\사용자\mathlib4\PrimalitySheafVerification\Spt7.lean","5080","axiom","POTENTIAL_ACTIVE_RISK","theorems in the file; no global axiom is introduced by the checklist layer. -/"
"C:\Users\사용자\mathlib4\PrimalitySheafVerification\Spt7.lean","5552","Axiom","BLOCK_COMMENT_OR_HEADER","/-! ## Axiom audit. -/"
